{
  "GARCH(1,1)": {
    "AIC": 14091.19697947383,
    "BIC": 14120.183435841567,
    "parameters": {
      "mu": -0.03712889147572566,
      "omega": 2.20028481083938,
      "alpha[1]": 0.1832006572013956,
      "beta[1]": 0.7561530175513591,
      "nu": 3.860712262625501
    },
    "leverage_effect": null
  },
  "TARCH(1,1)": {
    "AIC": 14093.131066124599,
    "BIC": 14127.914813765883,
    "parameters": {
      "mu": -0.03399023767188212,
      "omega": 2.1836962056814797,
      "alpha[1]": 0.18630309705525616,
      "gamma[1]": -0.010421837485250388,
      "beta[1]": 0.758107358656892,
      "nu": 3.8625464940551035
    },
    "leverage_effect": -0.010421837485250388
  },
  "TARCH-X": {
    "AIC": 14100.452123342697,
    "BIC": 14164.22232735172,
    "parameters": {
      "Const": -0.02727714770936391,
      "D_infrastructure": -0.09927310998670709,
      "D_regulatory": -0.10103207108417936,
      "S_gdelt_normalized": 0.16900476663962638,
      "S_reg_decomposed": 0.12287935595688783,
      "S_infra_decomposed": -0.35944661699409985,
      "omega": 2.1855108650693613,
      "alpha[1]": 0.1869169209443967,
      "gamma[1]": -0.013634944037521026,
      "beta[1]": 0.7586187700740884,
      "nu": 3.8596860295898483
    },
    "leverage_effect": -0.013634944037521026
  }
}