{
  "GARCH(1,1)": {
    "AIC": 11400.368080626908,
    "BIC": 11428.828647324885,
    "parameters": {
      "mu": 0.11373874370817653,
      "omega": 0.4944254045229018,
      "alpha[1]": 0.15638163147253833,
      "beta[1]": 0.8402123112747318,
      "nu": 3.50178576718299
    },
    "leverage_effect": null
  },
  "TARCH(1,1)": {
    "AIC": 11400.936061287837,
    "BIC": 11435.08874132541,
    "parameters": {
      "mu": 0.124405488166568,
      "omega": 0.4354260440513103,
      "alpha[1]": 0.16591621382630736,
      "gamma[1]": -0.038992109254954936,
      "beta[1]": 0.8521067634561076,
      "nu": 3.496907137853797
    },
    "leverage_effect": -0.038992109254954936
  },
  "TARCH-X": {
    "AIC": 11404.123830553042,
    "BIC": 11466.737077288593,
    "parameters": {
      "Const": 0.10373481177048115,
      "D_infrastructure": -0.05223171148133425,
      "D_regulatory": 0.02501132719963475,
      "S_gdelt_normalized": 0.30882604057170604,
      "S_reg_decomposed": -0.32383471888370857,
      "S_infra_decomposed": -0.3515783368864734,
      "omega": 0.41882852590305275,
      "alpha[1]": 0.16206671400309378,
      "gamma[1]": -0.037079007482752196,
      "beta[1]": 0.8554721276964312,
      "nu": 3.4892264306234453
    },
    "leverage_effect": -0.037079007482752196
  }
}