{
  "GARCH(1,1)": {
    "AIC": 11904.018946399101,
    "BIC": 11933.005402766838,
    "parameters": {
      "mu": 0.09139795450562598,
      "omega": 0.18014971005651317,
      "alpha[1]": 0.0690395896332774,
      "beta[1]": 0.9309604103667226,
      "nu": 2.961217333032781
    },
    "leverage_effect": null
  },
  "TARCH(1,1)": {
    "AIC": 11905.614525476474,
    "BIC": 11940.398273117758,
    "parameters": {
      "mu": 0.09300406168001785,
      "omega": 0.1608143866583245,
      "alpha[1]": 0.07090021537025273,
      "gamma[1]": -0.012052037540027241,
      "beta[1]": 0.9351258033994995,
      "nu": 2.9699636034490777
    },
    "leverage_effect": -0.012052037540027241
  },
  "TARCH-X": {
    "AIC": 11905.953145708678,
    "BIC": 11969.7233497177,
    "parameters": {
      "Const": 0.07619015525779245,
      "D_infrastructure": -0.1401181668857061,
      "D_regulatory": 0.028742120568677306,
      "S_gdelt_normalized": 0.36573166729727,
      "S_reg_decomposed": -0.4159446013761526,
      "S_infra_decomposed": -0.6217607991155412,
      "omega": 0.17434558608917233,
      "alpha[1]": 0.07308804785429485,
      "gamma[1]": -0.009817076215222214,
      "beta[1]": 0.9318204902535878,
      "nu": 2.9602080776359365
    },
    "leverage_effect": -0.009817076215222214
  }
}