{
  "GARCH(1,1)": {
    "AIC": 13344.705183901719,
    "BIC": 13373.691640269455,
    "parameters": {
      "mu": 0.12256561182230068,
      "omega": 0.4647464586132943,
      "alpha[1]": 0.09413486491035515,
      "beta[1]": 0.9016549985435822,
      "nu": 3.267241815373859
    },
    "leverage_effect": null
  },
  "TARCH(1,1)": {
    "AIC": 13346.557471134849,
    "BIC": 13381.341218776133,
    "parameters": {
      "mu": 0.12412421970154135,
      "omega": 0.40379935587467747,
      "alpha[1]": 0.0942457051001284,
      "gamma[1]": -0.009842623835675869,
      "beta[1]": 0.908452212714917,
      "nu": 3.266193394714286
    },
    "leverage_effect": -0.009842623835675869
  },
  "TARCH-X": {
    "AIC": 13350.675231209132,
    "BIC": 13414.445435218155,
    "parameters": {
      "Const": 0.1014297131864641,
      "D_infrastructure": -0.155076790021042,
      "D_regulatory": 0.12773232693539863,
      "S_gdelt_normalized": 0.39649762629810614,
      "S_reg_decomposed": -0.311846599110599,
      "S_infra_decomposed": -0.7660336663929538,
      "omega": 0.44138903993667516,
      "alpha[1]": 0.09557532031902856,
      "gamma[1]": -0.008499356213449594,
      "beta[1]": 0.9044785547210459,
      "nu": 3.2860090317115906
    },
    "leverage_effect": -0.008499356213449594
  }
}