{
  "GARCH(1,1)": {
    "AIC": 13779.841458480743,
    "BIC": 13808.82791484848,
    "parameters": {
      "mu": 0.08822326101163933,
      "omega": 0.977199922498386,
      "alpha[1]": 0.0988965178440625,
      "beta[1]": 0.8759622584433503,
      "nu": 3.3260927244965606
    },
    "leverage_effect": null
  },
  "TARCH(1,1)": {
    "AIC": 13773.559466412571,
    "BIC": 13808.343214053855,
    "parameters": {
      "mu": 0.11991907617806155,
      "omega": 0.7422979405256092,
      "alpha[1]": 0.12051886817071318,
      "gamma[1]": -0.06576292213638595,
      "beta[1]": 0.8964214007337985,
      "nu": 3.3369642390759178
    },
    "leverage_effect": -0.06576292213638595
  },
  "TARCH-X": {
    "AIC": 13774.353058479861,
    "BIC": 13838.123262488883,
    "parameters": {
      "Const": 0.12854042993752368,
      "D_infrastructure": -0.6487061940615675,
      "D_regulatory": 0.09947183511814109,
      "S_gdelt_normalized": 0.22344889888188527,
      "S_reg_decomposed": 0.22151266289127935,
      "S_infra_decomposed": -0.8042255998720281,
      "omega": 0.7356653991906872,
      "alpha[1]": 0.12017267080901795,
      "gamma[1]": -0.06686411317612549,
      "beta[1]": 0.897709901233303,
      "nu": 3.3123056008965834
    },
    "leverage_effect": -0.06686411317612549
  }
}