{
  "GARCH(1,1)": {
    "AIC": 13324.298127827162,
    "BIC": 13353.284584194898,
    "parameters": {
      "mu": -0.042263777259883416,
      "omega": 1.9147209270376306,
      "alpha[1]": 0.23842065685447844,
      "beta[1]": 0.7615793431455216,
      "nu": 2.777991187755901
    },
    "leverage_effect": null
  },
  "TARCH(1,1)": {
    "AIC": 13325.111533654977,
    "BIC": 13359.895281296262,
    "parameters": {
      "mu": -0.030567888230002494,
      "omega": 1.8757875064306218,
      "alpha[1]": 0.2622702051068945,
      "gamma[1]": -0.05562638963088418,
      "beta[1]": 0.7655429897085475,
      "nu": 2.7771712920033758
    },
    "leverage_effect": -0.05562638963088418
  },
  "TARCH-X": {
    "AIC": 13330.680873608562,
    "BIC": 13394.451077617585,
    "parameters": {
      "Const": -0.05744854878350591,
      "D_infrastructure": -0.1275927667310602,
      "D_regulatory": 0.21498376432134766,
      "S_gdelt_normalized": 0.3173050971295823,
      "S_reg_decomposed": -0.5373321449234744,
      "S_infra_decomposed": -0.4980544243856684,
      "omega": 1.8703744763277905,
      "alpha[1]": 0.26213881984372017,
      "gamma[1]": -0.05907113120728128,
      "beta[1]": 0.7673967457599205,
      "nu": 2.7715142364650562
    },
    "leverage_effect": -0.05907113120728128
  }
}